Aktivitetstype,Dato,Favorit,Titel,Distance,Kalorier,Tid,Gennemsnitlig puls,Maks. puls,Aerob TE,Gennemsnitlig svømmekadence,Maksimum svømmekadence,Gennemsnitstempo,Bedste tempo,Samlet stigning,Samlet nedstigning,Gennemsnitlig skridtlængde,Gennemsnitligt vertikalt forhold,Gennemsnitligt vertikalt udsving,Gennemsnitlig kontakt med jorden,Gennemsnitlig GCT-balance,Gennemsnitlig NJT,Normalized Power® (NP®),Training Stress Score®,Gennemsnitlig effekt,Maksimal effekt,Samlet antal svømmetag,Gennemsnitlig swolf,Gennemsnitlig hastighed for tag,Skridt,Samlet antal sæt,Afladning af Body Battery,Minimum temperatur,Dekompression,Tid for bedste omgang,Antal omgange,Maksimum temperatur,Gns. antal åndedrag,Min. antal åndedrag,Maks. antal åndedrag,Tid i bevægelse,Tidsforbrug,Minimum højde,Maksimal højde
Svøm i pool,2025-11-01 12:19:11,false,"Svøm i pool","1,500","457","0:45","131","169","2.2","--","--","2:40","0:50","--","--","--","--","--","--","--","--","--","0.0","--","--","1093","58","27","--","--","--","--","Nej","00:00:18.3","15","--","--","--","--","00:39:58","00:45:17","--","--"
Løb,2025-11-01 10:19:32,false,"Skanderborg - Langt løb","11.18","888","1:02","159","179","3.5","165","185","5:29","4:13","92","91","1.11","10.0","11.3","266","51.5% V / 48.5% H","5:26","407","0.0","400","622","--","--","--","10,004","--","-15","--","Nej","00:06:08.5","3","--","36","18","51","01:01:12","01:01:18","35","80"
Løb,2025-10-31 15:51:00,false,"Skanderborg Løb","6.17","461","0:33","150","178","3.0","165","189","5:16","3:20","35","34","1.15","10.0","11.6","263","52.0% V / 48.0% H","5:15","425","0.0","412","664","--","--","--","5,308","--","-5","--","Nej","00:01:00.6","9","--","32","22","39","00:32:33","00:32:34","39","59"
Cykling,2025-10-30 15:30:07,false,"Aarhus Cykling","23.57","758","1:06","143","168","3.0","--","--","21.7","44.8","174","132","--","--","--","--","--","--","--","0.0","--","--","--","--","--","--","--","-8","--","Nej","00:09:44.6","5","--","31","23","37","01:01:46","01:05:08","-5","54"
Cykling,2025-10-30 06:24:22,false,"Skanderborg Cykling","23.53","733","0:59","145","171","3.0","--","--","24.1","50.5","139","178","--","--","--","--","--","--","--","0.0","--","--","--","--","--","--","--","-14","--","Nej","00:08:39.7","5","--","31","23","41","00:54:41","00:58:34","1","56"
Løb,2025-10-29 06:15:12,false,"Skanderborg - Restitution","5.01","376","0:31","133","159","2.2","162","188","6:10","4:49","39","52","1.00","10.7","10.9","286","51.5% V / 48.5% H","6:11","365","0.0","357","510","--","--","--","4,986","--","-7","--","Nej","00:00:03.2","2","--","29","16","41","00:30:55","00:30:55","31","58"
Cykling,2025-10-28 15:55:44,false,"Skanderborg Cykling","16.69","544","0:40","148","166","2.9","--","--","25.2","44.5","132","128","--","--","--","--","--","--","--","0.0","--","--","--","--","--","--","--","-6","--","Nej","00:03:35.1","4","--","32","22","39","00:39:43","00:39:44","30","85"
Styrketræning,2025-10-28 15:12:06,false,"Styrke","0.00","144","0:36","96","128","0.1","--","--","--","--","--","--","--","--","--","--","--","--","--","0.0","--","--","--","--","--","--","1","-2","--","Nej","00:35:50","1","--","16","11","23","00:35:50","00:35:50","--","--"
Styrketræning,2025-10-27 16:08:53,false,"Styrke","0.00","163","0:45","91","119","0.1","--","--","--","--","--","--","--","--","--","--","--","--","--","0.0","--","--","--","--","--","--","1","-2","--","Nej","00:44:42","1","--","17","11","27","00:44:42","00:44:42","--","--"
Gang,2025-10-26 13:03:09,false,"Skanderborg Gang","1.94","161","0:38","92","106","0.1","57","158","19:11","9:21","28","30","0.93","--","--","--","--","--","--","0.0","--","--","--","--","--","2,674","--","-2","--","Nej","00:16:12","2","--","--","--","--","00:28:07","00:38:09","44","57"
Løb,2025-10-25 09:00:23,false,"Horsens - 6 Timer På Fængslet","57.17","4,509","6:01","161","179","5.0","155","240","6:18","4:35","416","414","1.03","10.0","10.4","305","51.0% V / 49.0% H","6:14","375","0.0","345","575","--","--","--","55,016","--","-37","--","Nej","00:15:57","12","--","36","25","50","05:51:40","06:00:01","19","32"
Løb,2025-10-23 06:17:52,false,"Skanderborg - Basis","6.07","483","0:35","153","169","2.9","166","176","5:38","4:41","40","38","1.07","10.3","11.3","265","51.6% V / 48.4% H","5:36","392","0.0","390","471","--","--","--","5,640","--","-10","--","Nej","00:06:00.6","2","--","35","28","42","00:34:13","00:34:13","40","69"
Svøm i pool,2025-10-22 19:09:41,false,"Svøm i pool","2,050","583","0:59","133","152","2.2","--","--","2:38","0:56","--","--","--","--","--","--","--","--","--","0.0","--","--","1362","56","25","--","--","--","--","Nej","00:00:05.2","18","--","--","--","--","00:54:06","00:59:15","--","--"
Løb,2025-10-21 15:15:24,false,"Aarhus - Basis","11.01","860","1:03","152","175","3.3","165","181","5:39","4:27","35","30","1.07","10.5","11.4","266","51.9% V / 48.1% H","5:39","400","0.0","392","559","--","--","--","10,214","--","-11","--","Nej","00:00:55.5","4","--","32","21","42","01:02:17","01:02:17","-3","5"
Løb,2025-10-19 10:04:42,false,"Skanderborg Løb","15.05","1,193","1:18","166","181","4.3","166","203","5:10","3:30","160","156","1.17","9.9","11.8","255","51.9% V / 48.1% H","5:05","444","0.0","436","589","--","--","--","12,758","--","-17","--","Nej","00:00:19.3","4","--","38","23","46","01:17:15","01:17:38","42","64"
Løb,2025-10-18 08:55:16,false,"Skanderborg - Basis","10.03","774","0:52","161","185","3.7","167","195","5:07","3:23","60","52","1.17","9.9","11.7","258","51.5% V / 48.5% H","5:05","433","0.0","426","589","--","--","--","8,496","--","-11","--","Nej","00:03:16.7","3","--","38","19","50","00:51:15","00:51:17","34","70"
Cykling,2025-10-17 13:25:51,false,"Aarhus Cykling","23.67","850","1:07","149","171","3.2","--","--","21.4","43.2","198","149","--","--","--","--","--","--","--","0.0","--","--","--","--","--","--","--","-9","--","Nej","00:09:37.3","5","--","31","23","38","01:01:23","01:06:14","-6","58"
Cykling,2025-10-17 06:14:04,false,"Skanderborg Cykling","23.45","742","0:56","147","164","3.1","--","--","25.5","55.5","126","163","--","--","--","--","--","--","--","0.0","--","--","--","--","--","--","--","-14","--","Nej","00:07:39.4","5","--","31","22","38","00:52:28","00:55:13","1","56"
Løb,2025-10-16 18:54:17,false,"Skanderborg - Restitution","5.11","402","0:32","146","162","2.3","162","192","6:07","4:04","31","27","1.01","10.7","10.9","281","51.6% V / 48.4% H","6:08","368","0.0","364","538","--","--","--","5,036","--","-5","--","Nej","00:00:28.3","2","--","28","20","39","00:31:16","00:31:17","41","64"
Løb,2025-10-16 06:25:36,false,"Skanderborg - Basis","6.51","497","0:35","152","173","3.0","168","179","5:18","3:58","25","20","1.13","9.9","11.4","257","51.7% V / 48.3% H","5:17","422","0.0","416","574","--","--","--","5,750","--","-9","--","Nej","00:07:19.6","2","--","32","17","41","00:34:30","00:34:30","42","59"
Løb,2025-10-15 16:00:07,false,"Skanderborg - Basis","6.52","510","0:35","157","170","3.1","166","175","5:20","4:38","35","25","1.13","10.1","11.6","260","51.8% V / 48.2% H","5:18","427","0.0","423","556","--","--","--","5,732","--","-5","--","Nej","00:08:06.9","2","--","34","13","44","00:34:43","00:34:44","39","54"
Løb,2025-10-14 15:03:52,false,"Skanderborg - Basis","11.02","869","1:03","155","170","3.3","164","192","5:38","3:51","109","109","1.08","10.1","11.2","276","51.7% V / 48.3% H","5:35","395","0.0","389","599","--","--","--","10,126","--","-10","--","Nej","00:05:26.5","3","--","34","14","46","01:02:04","01:02:05","25","70"
Styrketræning,2025-10-14 06:14:36,false,"Styrke","0.00","205","0:50","94","129","0.2","--","--","--","--","--","--","--","--","--","--","--","--","--","0.0","--","--","--","--","--","--","1","-5","--","Nej","00:49:48","1","--","18","12","26","00:49:48","00:49:48","--","--"
Cykling,2025-10-13 14:47:10,false,"Aarhus Cykling","23.05","781","1:06","144","163","3.0","--","--","21.1","43.9","179","134","--","--","--","--","--","--","--","0.0","--","--","--","--","--","--","--","-8","--","Nej","00:08:24.2","5","--","31","22","38","01:03:05","01:05:29","-3","85"
Cykling,2025-10-13 06:12:37,false,"Skanderborg Cykling","23.51","760","1:00","144","171","2.9","--","--","23.6","49.2","135","174","--","--","--","--","--","--","--","0.0","--","--","--","--","--","--","--","-14","--","Nej","00:07:40.1","5","--","30","21","39","00:57:16","00:59:39","1","55"
Løb,2025-10-12 15:13:14,false,"Skanderborg - Anaerob","6.54","492","0:34","158","184","3.2","168","223","5:10","2:07","27","26","1.16","9.5","10.9","260","51.2% V / 48.8% H","5:04","432","0.0","408","760","--","--","--","5,582","--","-6","--","Nej","00:00:40","17","--","33","16","44","00:33:45","00:33:45","47","62"
Svøm i pool,2025-10-11 12:36:49,false,"Svøm i pool","1,500","636","0:50","150","178","3.1","--","--","2:58","0:55","--","--","--","--","--","--","--","--","--","0.0","--","--","1010","61","23","--","--","--","--","Nej","00:00:06.0","16","--","--","--","--","00:44:25","00:50:11","--","--"
Løb,2025-10-11 09:01:35,false,"Skanderborg - Langt løb","21.61","1,677","2:00","159","177","4.1","165","208","5:32","3:47","247","241","1.09","10.0","11.1","271","51.7% V / 48.3% H","5:30","407","0.0","400","588","--","--","--","19,596","--","-25","--","Nej","00:08:56.0","5","--","35","19","45","01:59:37","02:04:30","16","70"
Løb,2025-10-10 06:09:19,false,"Skanderborg - Basis","10.04","781","0:57","151","173","3.2","168","179","5:37","4:31","66","61","1.06","10.3","11.1","258","51.7% V / 48.3% H","5:35","402","0.0","398","512","--","--","--","9,416","--","-14","--","Nej","00:00:09.9","3","--","35","17","45","00:56:18","00:56:20","34","68"
Løb,2025-10-09 15:26:06,false,"Skanderborg - Basis","7.24","565","0:39","160","175","3.2","163","177","5:21","4:12","51","47","1.14","10.4","12.0","267","51.5% V / 48.5% H","5:19","432","0.0","426","589","--","--","--","6,270","--","-7","--","Nej","00:12:29","2","--","34","17","41","00:38:42","00:38:42","37","56"
Styrketræning,2025-10-09 05:49:55,false,"Styrke","0.00","169","0:50","89","126","0.1","--","--","--","--","--","--","--","--","--","--","--","--","--","0.0","--","--","--","--","--","--","4","-4","--","Nej","00:49:50","1","--","17","11","25","00:44:04","00:49:50","--","--"
Cykling,2025-10-08 14:28:29,false,"Aarhus Cykling","23.03","793","1:00","151","171","3.3","--","--","23.3","46.5","186","141","--","--","--","--","--","--","--","0.0","--","--","--","--","--","--","--","-9","--","Nej","00:07:18.3","5","--","32","24","39","00:57:28","00:59:15","-3","84"
Cykling,2025-10-08 06:01:11,false,"Skanderborg Cykling","23.62","781","1:01","147","173","3.2","--","--","23.3","47.0","123","164","--","--","--","--","--","--","--","0.0","--","--","--","--","--","--","--","-15","--","Nej","00:09:06.2","5","--","31","18","39","00:54:50","01:00:44","1","55"
Løb,2025-10-07 15:09:39,false,"Aarhus - Basis","11.01","865","1:01","154","177","3.6","165","211","5:27","2:36","15","11","1.12","10.3","11.8","262","51.5% V / 48.5% H","5:25","410","0.0","406","673","--","--","--","9,800","--","-11","--","Nej","00:00:01.7","4","--","32","17","42","00:59:50","01:00:02","-2","5"
Løb,2025-10-06 15:13:10,false,"Skanderborg - Restitution","5.01","393","0:29","151","164","2.7","164","178","5:43","4:33","22","20","1.06","10.2","11.0","276","51.7% V / 48.3% H","5:42","391","0.0","385","473","--","--","--","4,668","--","-6","--","Nej","00:00:05.3","2","--","31","13","38","00:28:38","00:28:39","39","47"
Løb,2025-10-05 17:09:13,false,"Skanderborg - Basis","9.25","727","0:51","158","172","3.4","166","181","5:28","4:15","64","63","1.10","10.1","11.3","267","51.9% V / 48.1% H","5:28","414","0.0","408","538","--","--","--","8,362","--","-6","--","Nej","00:22:56","2","--","32","14","41","00:50:33","00:50:34","39","68"
Løb,2025-10-05 08:29:23,false,"Skanderborg - Basis","12.01","975","1:06","165","178","3.8","167","187","5:26","4:18","80","76","1.09","9.8","10.9","264","51.4% V / 48.6% H","5:25","408","0.0","400","559","--","--","--","10,856","--","-20","--","Nej","00:15:33","3","--","38","21","57","01:05:18","01:06:48","33","71"
Løb terræn,2025-10-04 10:59:35,false,"Syddjurs Løb terræn","3.58","699","0:47","169","196","3.6","102","255","12:58","4:56","223","223","0.84","11.9","9.1","383","50.1% V / 49.9% H","12:01","329","0.0","199","1,230","--","--","--","4,224","--","-12","--","Nej","00:08:08.6","4","--","38","24","44","00:33:53","00:46:27","-7","52"
Løb,2025-10-03 15:39:34,false,"Skanderborg - Basis","5.01","390","0:27","158","169","3.0","164","171","5:17","4:33","35","28","1.16","10.2","12.1","261","51.0% V / 49.0% H","5:15","425","0.0","422","559","--","--","--","4,302","--","-5","--","Nej","00:00:03.2","2","--","33","16","46","00:26:26","00:26:27","37","48"
Styrketræning,2025-10-02 17:23:55,false,"Styrke","0.00","210","0:26","120","159","1.3","--","--","--","--","--","--","--","--","--","--","--","--","--","0.0","--","--","--","--","--","--","7","-2","--","Nej","00:25:55","1","--","25","13","38","00:18:04","00:25:55","--","--"
Løb,2025-10-02 16:15:11,false,"Skanderborg - Basis","11.02","859","0:59","159","180","3.6","167","182","5:20","4:14","73","65","1.12","10.1","11.6","258","51.8% V / 48.2% H","5:19","421","0.0","415","633","--","--","--","9,758","--","-11","--","Nej","00:11:59","3","--","35","25","47","00:58:44","00:59:00","35","70"
Gang,2025-10-02 12:41:06,false,"Skanderborg Gang","1.65","56","0:17","72","90","0.1","108","128","10:17","5:21","13","5","0.90","--","--","--","--","--","--","0.0","--","--","--","--","--","1,860","--","-1","--","Nej","00:06:21.3","2","--","--","--","--","00:15:55","00:17:18","38","46"
Svøm i pool,2025-10-01 19:13:23,false,"Svøm i pool","1,200","398","0:40","130","155","2.1","--","--","2:49","0:54","--","--","--","--","--","--","--","--","--","0.0","--","--","822","59","24","--","--","--","--","Nej","00:00:16","17","--","--","--","--","00:33:53","00:39:59","--","--"
Løb,2025-10-01 15:48:27,false,"Skanderborg - Basis","5.09","390","0:27","155","172","3.1","167","192","5:12","3:48","22","18","1.16","10.1","11.9","257","51.6% V / 48.4% H","5:10","431","0.0","428","562","--","--","--","4,386","--","-4","--","Nej","00:00:27.1","2","--","32","22","42","00:26:27","00:26:27","39","50"
Løb,2025-09-30 15:22:13,false,"Aarhus - Langt løb","14.15","1,124","1:22","155","172","3.6","160","208","5:47","3:36","36","30","1.07","10.9","11.8","269","51.9% V / 48.1% H","5:47","393","0.0","388","555","--","--","--","13,164","--","-13","--","Nej","00:22:32","3","--","34","16","52","01:21:50","01:23:49","-4","6"
Cykling,2025-09-29 15:07:02,false,"Aarhus Cykling","23.06","790","0:58","154","175","3.4","--","--","24.0","47.6","190","142","--","--","--","--","--","--","--","0.0","--","--","--","--","--","--","--","-7","--","Nej","00:06:27.0","5","--","33","23","42","00:53:02","00:57:45","-5","86"
Cykling på grusveje,2025-09-29 05:58:57,false,"Skanderborg Cykling på grusveje/ikke brolagte veje","23.04","841","1:07","148","167","3.5","--","--","20.9","49.1","130","172","--","--","--","--","--","--","--","0.0","--","--","--","--","--","--","--","-16","--","Nej","00:06:22.3","5","--","31","21","38","00:59:37","01:06:12","0","84"
Styrketræning,2025-09-28 13:30:34,false,"Styrke","0.00","268","0:46","109","141","0.5","--","--","--","--","--","--","--","--","--","--","--","--","--","0.0","--","--","--","--","--","--","15","-3","--","Nej","00:45:11","1","--","20","13","28","00:26:01","00:45:11","--","--"
Løb,2025-09-28 10:04:54,false,"Skanderborg - Langt løb","10.61","847","0:58","164","193","3.9","166","186","5:23","3:03","57","51","1.12","9.9","11.3","265","51.8% V / 48.2% H","5:21","414","0.0","406","651","--","--","--","9,388","--","-17","--","Nej","00:02:12.2","3","--","38","19","52","00:57:06","00:57:06","36","62"
Svøm i pool,2025-09-27 12:31:14,false,"Svøm i pool","1,400","547","0:46","141","161","2.7","--","--","2:55","2:09","--","--","--","--","--","--","--","--","--","0.0","--","--","938","60","23","--","--","--","--","Nej","00:00:11.9","14","--","--","--","--","00:40:43","00:45:56","--","--"
Cykling på grusveje,2025-09-26 14:13:56,false,"Aarhus Cykling på grusveje/ikke brolagte veje","23.71","819","0:58","157","175","3.7","--","--","24.8","50.4","186","137","--","--","--","--","--","--","--","0.0","--","--","--","--","--","--","--","-8","--","Nej","00:07:24.1","5","--","33","22","40","00:54:02","00:57:22","-3","58"
Cykling på grusveje,2025-09-26 06:16:51,false,"Skanderborg Cykling på grusveje/ikke brolagte veje","23.53","957","1:05","160","183","4.1","--","--","21.9","50.1","142","181","--","--","--","--","--","--","--","0.0","--","--","--","--","--","--","--","-19","--","Nej","00:09:09.4","5","--","34","20","41","00:57:51","01:04:31","1","56"
Løb,2025-09-25 15:52:18,false,"Skanderborg - Basis","5.67","445","0:30","164","180","3.3","166","181","5:07","3:26","53","51","1.18","9.8","11.8","261","51.9% V / 48.1% H","5:04","445","0.0","440","580","--","--","--","4,784","--","-5","--","Nej","00:03:23.1","2","--","37","18","45","00:29:01","00:29:02","41","74"
Svøm i pool,2025-09-24 19:32:53,false,"Svøm i pool","1,250","486","0:42","138","160","2.5","--","--","2:48","1:36","--","--","--","--","--","--","--","--","--","0.0","--","--","845","59","24","--","--","--","--","Nej","00:00:05.5","28","--","--","--","--","00:34:57","00:42:46","--","--"
Styrketræning,2025-09-24 06:26:16,false,"Styrke","0.00","367","1:12","102","152","0.7","--","--","--","--","--","--","--","--","--","--","--","--","--","0.0","--","--","--","--","--","--","18","-8","--","Nej","01:11:02","1","--","20","13","33","00:38:37","01:11:02","--","--"
Løb,2025-09-23 15:21:15,false,"Aarhus - Basis","5.90","471","0:35","150","166","3.0","163","179","5:51","4:29","13","10","1.05","10.9","11.7","269","51.7% V / 48.3% H","5:51","383","0.0","382","505","--","--","--","5,578","--","-6","--","Nej","00:05:06.1","2","--","32","18","38","00:34:25","00:34:26","-2","7"
Cykling på grusveje,2025-09-22 15:23:29,false,"Skanderborg Cykling på grusveje/ikke brolagte veje","12.62","427","0:33","145","167","3.0","--","--","23.3","49.8","113","105","--","--","--","--","--","--","--","0.0","--","--","--","--","--","--","--","-7","--","Nej","00:07:13.7","3","--","32","21","43","00:32:23","00:32:29","39","84"
Styrketræning,2025-09-22 06:14:30,false,"Styrke","0.00","250","0:52","98","136","0.3","--","--","--","--","--","--","--","--","--","--","--","--","--","0.0","--","--","--","--","--","--","7","-7","--","Nej","00:51:47","1","--","20","12","27","00:36:46","00:51:47","--","--"
Svøm i pool,2025-09-21 10:20:57,false,"Svøm i pool","1,050","365","0:37","129","172","2.2","--","--","2:21","0:58","--","--","--","--","--","--","--","--","--","0.0","--","--","652","51","26","--","--","--","--","Nej","00:00:05.3","24","--","--","--","--","00:24:42","00:38:27","--","--"
Cykling på grusveje,2025-09-20 07:58:10,false,"Skanderborg Cykling på grusveje/ikke brolagte veje","25.01","820","1:05","147","172","3.4","--","--","23.1","48.6","183","181","--","--","--","--","--","--","--","0.0","--","--","--","--","--","--","--","-18","--","Nej","00:00:01.9","6","--","32","24","40","01:04:00","01:05:25","2","55"
Styrketræning,2025-09-19 13:11:48,false,"Styrke","0.00","324","0:51","110","159","1.2","--","--","--","--","--","--","--","--","--","--","--","--","--","0.0","--","--","--","--","--","--","1","-6","--","Nej","00:50:22","1","--","21","12","33","00:50:22","00:50:22","--","--"
Løb,2025-09-16 15:24:58,false,"Aarhus - Basis","5.86","487","0:35","160","181","3.1","169","181","5:48","4:44","52","54","1.02","10.5","10.9","262","51.4% V / 48.6% H","5:51","384","0.0","384","808","--","--","--","5,686","--","-6","--","Nej","00:04:56.0","2","--","36","16","46","00:34:00","00:34:01","-4","4"
Styrketræning,2025-09-15 15:17:04,false,"Styrke","0.00","270","0:53","102","146","0.5","--","--","--","--","--","--","--","--","--","--","--","--","--","0.0","--","--","--","--","--","--","1","-3","--","Nej","00:52:20","1","--","20","11","32","00:52:20","00:52:20","--","--"
Gang,2025-09-14 14:39:09,false,"Hillerød Gang","2.01","129","0:28","77","89","0.2","91","156","13:34","5:02","12","9","0.81","--","--","--","--","--","--","0.0","--","--","--","--","--","2,594","--","-1","--","Nej","00:00:04.8","3","--","--","--","--","00:25:02","00:27:14","25","35"
Løb,2025-09-13 10:47:20,false,"Allerød - Langt løb","3.76","298","0:25","143","156","2.1","163","183","6:32","5:08","16","12","0.94","10.9","10.4","290","51.8% V / 48.3% H","6:31","349","0.0","337","480","--","--","--","3,948","--","-5","--","Nej","00:24:33","1","--","32","15","40","00:24:33","00:24:33","43","54"
Gang,2025-09-12 13:40:23,false,"Allerød Gang","0.52","34","0:13","71","85","0.0","46","160","23:26","9:59","5","1","0.93","--","--","--","--","--","--","0.0","--","--","--","--","--","754","--","-1","--","Nej","00:12:18","1","--","--","--","--","00:06:51","00:22:55","55","60"
Styrketræning,2025-09-11 15:56:54,false,"Styrke","0.00","209","1:02","88","130","0.2","--","--","--","--","--","--","--","--","--","--","--","--","--","0.0","--","--","--","--","--","--","1","-5","--","Nej","01:01:29","1","--","16","11","29","01:01:29","01:01:29","--","--"
Gang,2025-09-09 19:10:46,false,"Skanderborg Gang","0.41","28","0:07","77","93","0.0","54","125","16:37","12:56","3","--","1.11","--","--","--","--","--","--","0.0","--","--","--","--","--","448","--","--","--","Nej","00:06:49.4","1","--","--","--","--","00:06:35","00:06:49.4","44","48"
Løb,2025-09-06 09:30:03,false,"Morsø Løb","161.97","12,420","23:00","140","180","5.0","136","255","8:31","4:18","1,273","1,273","0.86","9.5","8.4","355","50.5% V / 49.5% H","8:28","281","0.0","232","488","--","--","--","185,080","--","-48","--","Nej","00:15:05","33","--","30","12","49","21:18:31","22:59:35","-2","93"
Gang,2025-09-04 15:12:33,false,"Skanderborg Gang","1.77","115","0:19","82","98","0.3","111","136","10:13","8:33","21","21","0.88","--","--","--","--","--","--","0.0","--","--","--","--","--","2,034","--","-1","--","Nej","00:07:35.2","2","--","--","--","--","00:17:31","00:21:06","44","57"
Løb,2025-09-03 15:49:08,false,"Skanderborg - Restitution","5.96","468","0:37","144","156","2.5","164","182","6:03","4:13","34","32","1.01","11.1","11.4","274","51.9% V / 48.1% H","6:00","380","0.0","376","493","--","--","--","5,854","--","-7","--","Nej","00:05:39.1","2","--","30","23","45","00:36:04","00:38:08","40","53"
Løb,2025-09-02 15:22:49,false,"Aarhus - Restitution","5.85","480","0:36","145","159","2.8","168","199","6:01","5:12","14","12","1.00","11.1","11.3","264","51.5% V / 48.5% H","6:00","374","0.0","373","470","--","--","--","5,844","--","-6","--","Nej","00:05:01.2","2","--","33","22","45","00:35:08","00:35:09","-0","7"
Løb,2025-09-01 19:28:31,false,"Skanderborg - Restitution","5.60","466","0:33","156","168","3.0","165","180","5:50","5:13","23","21","1.04","11.2","11.9","265","51.8% V / 48.2% H","5:50","391","0.0","388","465","--","--","--","5,320","--","-5","--","Nej","00:03:34.7","2","--","34","19","41","00:32:39","00:32:39","42","53"
Løb,2025-08-31 15:20:10,false,"Skanderborg - Restitution","6.59","537","0:40","152","168","2.9","160","179","6:03","5:00","35","34","1.03","11.0","11.5","285","51.8% V / 48.2% H","6:02","381","0.0","372","506","--","--","--","6,326","--","-7","--","Nej","00:09:54.7","2","--","35","17","47","00:39:55","00:39:55","41","64"
Gang,2025-08-31 07:27:40,false,"Skanderborg Gang","1.70","111","0:18","84","100","0.3","114","130","10:18","4:24","20","15","0.85","--","--","--","--","--","--","0.0","--","--","--","--","--","2,006","--","-3","--","Nej","00:07:11.3","2","--","--","--","--","00:17:24","00:19:36","42","54"
Løb,2025-08-30 09:29:43,false,"Skanderborg - Basis","15.53","1,230","1:31","153","170","3.7","164","198","5:49","4:13","95","94","1.05","10.7","11.4","276","51.4% V / 48.6% H","5:47","390","0.0","383","529","--","--","--","14,630","--","-21","--","Nej","00:14:49","4","--","36","17","50","01:30:16","01:33:12","21","54"
Løb,2025-08-29 15:44:13,false,"Skanderborg - Basis","7.51","590","0:43","152","165","3.0","163","185","5:37","5:00","36","36","1.09","10.7","11.9","268","51.8% V / 48.2% H","5:37","403","0.0","399","483","--","--","--","6,820","--","-8","--","Nej","00:14:04","2","--","32","19","40","00:42:08","00:43:21","41","64"
Gang,2025-08-28 20:10:44,false,"Skanderborg Gang","4.00","263","0:40","89","98","0.7","113","222","9:57","8:53","28","24","0.89","--","--","--","--","--","--","0.0","--","--","--","--","--","4,536","--","-3","--","Nej","00:00:01.9","5","--","--","--","--","00:39:32","00:39:52","41","63"
Løb,2025-08-27 15:08:38,false,"Aarhus - Basis","6.39","512","0:36","156","166","3.0","163","187","5:34","4:16","17","17","1.10","11.0","12.3","260","51.2% V / 48.8% H","5:34","410","0.0","407","626","--","--","--","5,754","--","-8","--","Nej","00:07:32.4","2","--","35","18","45","00:35:29","00:35:30","--","9"
Styrketræning,2025-08-26 16:31:03,false,"Styrke","0.00","70","0:11","110","135","0.2","--","--","--","--","--","--","--","--","--","--","--","--","--","0.0","--","--","--","--","--","--","1","-1","--","Nej","00:10:35","1","--","19","14","27","00:10:35","00:10:35","--","--"
Løb,2025-08-26 15:42:53,false,"Skanderborg - Basis","7.02","560","0:42","150","169","2.9","160","182","5:52","4:41","33","30","1.07","10.9","11.9","284","51.0% V / 49.0% H","5:51","391","0.0","382","551","--","--","--","6,476","--","-9","--","Nej","00:11:15","2","--","33","17","41","00:41:07","00:41:08","42","65"
Gang,2025-08-25 18:16:28,false,"Skanderborg Gang","1.49","98","0:22","80","103","0.1","86","227","14:23","5:37","19","17","0.81","--","--","--","--","--","--","0.0","--","--","--","--","--","2,086","--","-1","--","Nej","00:06:48.6","2","--","--","--","--","00:20:47","00:21:40","43","56"
Løb,2025-08-23 13:56:53,false,"Skanderborg - Basis","23.52","1,828","2:18","152","169","4.0","162","183","5:51","4:29","223","218","1.05","10.1","10.9","290","51.5% V / 48.5% H","5:49","386","0.0","375","527","--","--","--","22,126","--","-20","--","Nej","00:04:41.9","6","--","34","26","43","02:17:34","02:22:22","15","67"
Løb,2025-08-23 07:18:34,false,"Skanderborg - Basis","7.51","594","0:41","150","171","3.1","171","196","5:26","4:23","52","45","1.08","10.0","11.0","257","51.4% V / 48.6% H","5:26","400","0.0","397","528","--","--","--","6,896","--","-13","--","Nej","00:13:39","2","--","34","13","42","00:40:49","00:46:51","36","70"
Løb,2025-08-22 13:56:17,false,"Skanderborg - VO2 Maks.","10.07","796","0:58","151","167","3.2","166","187","5:44","3:33","97","97","1.05","10.3","11.0","270","51.8% V / 48.2% H","5:44","394","0.0","389","587","--","--","--","9,442","--","-12","--","Nej","00:00:00.6","17","--","34","14","41","00:57:43","00:58:43","37","64"
Løb,2025-08-21 19:23:28,false,"Skanderborg - Basis","5.18","399","0:32","141","159","2.4","165","175","6:01","4:52","24","16","1.00","10.6","10.8","275","51.8% V / 48.2% H","6:01","369","0.0","365","485","--","--","--","5,110","--","-5","--","Nej","00:00:58.4","2","--","30","19","37","00:31:08","00:32:16","41","60"
Løb,2025-08-20 19:07:18,false,"Skanderborg - Basis","8.26","678","0:49","153","173","3.1","164","182","5:50","4:57","36","35","1.05","10.3","11.0","276","51.7% V / 48.3% H","5:49","381","0.0","374","492","--","--","--","7,816","--","-8","--","Nej","00:02:10.7","3","--","33","16","40","00:48:10","00:48:11","42","63"
Gang,2025-08-20 14:01:50,false,"Skanderborg Gang","5.34","348","0:55","97","119","0.9","114","131","10:09","8:16","33","30","0.87","--","--","--","--","--","--","0.0","--","--","--","--","--","6,192","--","-4","--","Nej","00:03:24.3","6","--","--","--","--","00:54:09","00:54:10","40","55"
Styrketræning,2025-08-20 06:27:46,false,"Styrke","0.00","196","0:55","88","128","0.2","--","--","--","--","--","--","--","--","--","--","--","--","--","0.0","--","--","--","--","--","--","1","-5","--","Nej","00:54:14","1","--","17","11","25","00:54:14","00:54:14","--","--"
Løb,2025-08-19 15:20:23,false,"Aarhus - Langt løb","15.42","1,145","1:25","152","166","3.6","165","179","5:28","4:35","29","25","1.07","10.4","11.2","269","51.7% V / 48.3% H","5:24","408","0.0","402","520","--","--","--","13,826","--","-14","--","Nej","00:02:14.0","4","--","35","17","47","01:24:06","01:26:49","-3","7"
Løb,2025-08-18 15:05:49,false,"Skanderborg - Langt løb","17.39","1,278","1:45","150","171","3.5","155","184","6:00","4:33","168","158","1.07","10.0","10.7","317","51.5% V / 48.5% H","6:01","372","0.0","356","575","--","--","--","16,006","--","-15","--","Nej","00:13:51","4","--","34","20","46","01:44:07","01:50:12","24","68"
Styrketræning,2025-08-18 06:01:26,false,"Styrke","0.00","183","1:11","82","122","0.1","--","--","--","--","--","--","--","--","--","--","--","--","--","0.0","--","--","--","--","--","--","1","-5","--","Nej","01:10:46","1","--","15","10","22","01:10:46","01:10:46","--","--"
Løb,2025-08-17 14:12:57,false,"Skanderborg - Langt løb","17.83","1,288","1:51","142","166","3.4","150","174","6:13","4:41","102","99","1.04","10.1","10.6","334","51.5% V / 48.5% H","6:19","365","0.0","338","552","--","--","--","16,530","--","-11","--","Nej","00:23:55","4","--","32","18","42","01:50:16","02:01:47","38","72"
Svømning i åbent vand,2025-08-16 10:38:06,false,"Santa Margalida Svømning i åbent vand","700","241","0:22","130","155","1.8","--","--","3:07","1:38","--","--","--","--","--","--","--","--","--","0.0","--","--","456","86","22","--","--","-3","31.0","Nej","00:00:34.8","2","31.0","--","--","--","00:14:43","00:24:07","--","--"
Løb,2025-08-16 07:28:37,false,"Santa Margalida - Basis","9.40","752","0:54","152","172","3.2","163","184","5:42","4:52","34","32","1.08","11.0","12.0","266","52.0% V / 48.0% H","5:42","397","0.0","394","565","--","--","--","8,678","--","-12","--","Nej","00:25:06","2","--","35","16","47","00:53:36","00:53:38","1","25"
Styrketræning,2025-08-15 15:15:54,false,"Vand Polo","0.00","390","0:52","117","162","1.6","--","--","--","--","--","--","--","--","--","--","--","--","--","0.0","--","--","--","--","--","--","1","--","--","Nej","00:51:42","1","--","--","--","--","00:51:42","00:51:42","--","--"
Svømning i åbent vand,2025-08-15 09:47:13,false,"Santa Margalida Svømning i åbent vand","750","246","0:30","116","156","1.1","--","--","3:58","1:07","--","--","--","--","--","--","--","--","--","0.0","--","--","420","89","15","--","--","-1","30.0","Nej","00:04:52.7","2","31.0","--","--","--","00:17:23","00:31:37","--","--"
Svømning i åbent vand,2025-08-14 10:04:51,false,"Santa Margalida Svømning i åbent vand","650","314","0:31","127","156","2.0","--","--","4:42","1:07","--","--","--","--","--","--","--","--","--","0.0","--","--","421","93","14","--","--","-4","31.0","Nej","00:04:56.5","2","33.0","--","--","--","00:16:29","00:30:32","--","--"
Løb,2025-08-14 06:25:42,false,"Santa Margalida - Basis","10.32","814","1:03","141","160","3.0","165","211","6:04","5:05","49","47","1.00","11.1","11.2","269","52.0% V / 48.0% H","6:03","368","0.0","364","494","--","--","--","10,180","--","-15","--","Nej","00:04:39.9","3","--","33","22","42","01:02:39","01:02:40","2","13"
Løb,2025-08-13 17:44:07,false,"Santa Margalida Løb","5.23","434","0:30","163","179","3.1","163","176","5:38","5:03","17","22","1.09","10.3","11.5","272","52.0% V / 48.0% H","5:37","385","0.0","383","484","--","--","--","4,760","--","-5","--","Nej","00:01:16.8","2","--","36","25","48","00:29:27","00:29:29","3","16"
Styrketræning,2025-08-13 15:10:54,false,"Styrke","0.00","466","0:45","136","173","2.5","--","--","--","--","--","--","--","--","--","--","--","--","--","0.0","--","--","--","--","--","--","1","-4","--","Nej","00:44:38","1","--","--","--","--","00:44:38","00:44:38","--","--"
Løb terræn,2025-08-13 06:20:18,false,"Santa Margalida - Langt løb","11.64","924","1:13","143","162","3.0","163","187","6:15","5:07","44","42","0.99","11.6","11.6","271","51.7% V / 48.3% H","6:14","363","0.0","360","497","--","--","--","11,648","--","-18","--","Nej","00:03:41.4","12","--","32","14","41","01:12:39","01:13:42","1","20"
Vandring,2025-08-12 19:36:32,false,"Santa Margalida Vandring","2.61","201","0:50","94","113","0.1","87","158","18:51","11:10","29","34","0.61","--","--","--","--","--","--","0.0","--","--","--","--","--","3,944","--","-1","--","Nej","00:49:08","1","--","18","11","25","00:46:12","00:50:31","0","13"
Svømning i åbent vand,2025-08-12 14:49:55,false,"Santa Margalida Svømning i åbent vand","666","325","0:27","137","160","2.3","--","--","4:02","1:52","--","--","--","--","--","--","--","--","--","0.0","--","--","521","80","20","--","--","-4","31.0","Nej","00:05:58.3","2","32.0","--","--","--","00:19:02","00:30:11","--","--"
Cykling,2025-08-12 11:26:31,false,"Alcúdia Cykling","13.46","326","0:56","103","130","0.7","--","--","14.4","29.8","37","44","--","--","--","--","--","--","--","0.0","--","--","--","--","--","--","--","-6","--","Nej","00:14:04","3","--","--","--","--","00:53:32","01:08:52","-1","14"
Cykling,2025-08-12 09:26:10,false,"Santa Margalida Cykling","14.92","375","1:08","100","132","0.8","--","--","13.2","21.3","29","20","--","--","--","--","--","--","--","0.0","--","--","--","--","--","--","--","-8","--","Nej","00:18:59","3","--","--","--","--","01:01:51","01:10:05","0","16"
Vandring,2025-08-11 20:05:46,false,"Santa Margalida Vandring","1.36","128","0:30","88","121","0.1","60","176","21:42","2:13","18","18","0.77","--","--","--","--","--","--","0.0","--","--","--","--","--","2,018","--","-1","--","Nej","00:29:34","1","--","--","--","--","00:20:57","00:29:34","1","9"
Svømning i åbent vand,2025-08-11 09:48:24,false,"Santa Margalida Svømning i åbent vand","404","191","0:23","116","148","0.9","--","--","5:30","1:14","--","--","--","--","--","--","--","--","--","0.0","--","--","277","100","13","--","--","-3","30.0","Nej","00:22:13","1","31.0","--","--","--","00:11:40","00:22:13","--","--"
Styrketræning,2025-08-11 07:06:42,false,"Styrke","0.00","271","0:43","104","140","0.6","--","--","--","--","--","--","--","--","--","--","--","--","--","0.0","--","--","--","--","--","--","1","-5","--","Nej","00:42:24","1","--","--","--","--","00:42:24","00:42:24","--","--"
Svømning i åbent vand,2025-08-10 14:40:17,false,"Santa Margalida Svømning i åbent vand","461","228","0:26","119","151","1.2","--","--","5:34","1:52","--","--","--","--","--","--","--","--","--","0.0","--","--","297","100","13","--","--","-3","30.0","Nej","00:25:44","1","32.0","--","--","--","00:12:26","00:25:44","--","--"
Svømning i åbent vand,2025-08-10 10:24:14,false,"Santa Margalida Svømning i åbent vand","402","137","0:15","121","161","1.1","--","--","3:43","1:46","--","--","--","--","--","--","--","--","--","0.0","--","--","251","71","20","--","--","-2","29.0","Nej","00:14:56","1","32.0","--","--","--","00:10:42","00:28:03","--","--"
Løb,2025-08-10 07:09:03,false,"Santa Margalida - Restitution","5.21","416","0:32","142","166","2.6","162","184","6:05","4:53","20","15","1.03","11.7","12.2","270","51.7% V / 48.3% H","6:02","392","0.0","384","499","--","--","--","5,060","--","-7","--","Nej","00:01:39.9","2","--","33","24","42","00:31:39","00:32:36","1","11"
Cykling på grusveje,2025-08-09 10:40:23,false,"Skanderborg Cykling på grusveje/ikke brolagte veje","18.80","503","0:49","129","149","2.2","--","--","23.2","43.1","146","138","--","--","--","--","--","--","--","0.0","--","--","--","--","--","--","--","-8","--","Nej","00:11:25","4","--","--","--","--","00:48:22","00:48:38","14","64"
Styrketræning,2025-08-08 13:01:38,false,"Styrke","0.00","187","0:36","103","118","0.3","--","--","--","--","--","--","--","--","--","--","--","--","--","0.0","--","--","--","--","--","--","1","-2","--","Nej","00:35:12","1","--","20","12","25","00:35:12","00:35:12","--","--"
Løb,2025-08-08 10:57:17,false,"Skanderborg - Basis","18.23","1,454","1:50","150","170","3.7","160","214","6:00","3:22","175","174","1.04","10.7","11.3","292","51.3% V / 48.7% H","5:57","382","0.0","372","560","--","--","--","17,264","--","-25","--","Nej","00:03:35.8","5","--","35","21","46","01:49:16","01:56:03","22","99"
Styrketræning,2025-08-07 15:27:44,false,"Styrke","0.00","224","0:49","96","129","0.3","--","--","--","--","--","--","--","--","--","--","--","--","--","0.0","--","--","--","--","--","--","1","-2","--","Nej","00:48:27","1","--","19","11","28","00:48:27","00:48:27","--","--"
Løb,2025-08-07 14:36:40,false,"Skanderborg - Basis","6.75","522","0:41","141","158","2.6","160","181","6:01","4:58","39","34","1.04","10.9","11.5","289","50.8% V / 49.2% H","6:01","387","0.0","377","489","--","--","--","6,422","--","-7","--","Nej","00:10:25","2","--","32","17","46","00:40:33","00:41:19","36","58"
Gang,2025-08-05 16:24:35,false,"Skanderborg Gang","1.82","121","0:24","86","108","0.2","90","167","13:11","5:54","23","19","0.84","--","--","--","--","--","--","0.0","--","--","--","--","--","2,360","--","-1","--","Nej","00:10:23","2","--","--","--","--","00:22:44","00:23:59","42","61"
Løb,2025-08-05 08:53:02,false,"Skanderborg - Basis","21.15","1,656","2:07","147","164","3.9","164","184","5:59","4:45","230","235","1.02","10.8","11.2","276","51.5% V / 48.5% H","5:57","387","0.0","380","543","--","--","--","20,600","--","-28","--","Nej","00:09:57.3","5","--","35","21","48","02:06:38","02:14:36","16","69"
Løb,2025-08-04 16:53:17,false,"Morsø Løb","9.16","738","0:56","148","165","3.1","159","182","6:04","5:05","63","59","1.04","11.2","11.8","277","51.3% V / 48.7% H","6:04","387","0.0","380","535","--","--","--","8,740","--","-8","--","Nej","00:25:04","2","--","33","23","39","00:55:24","00:55:31","5","23"
